"player_id","FirstName","Surname","PositionsList","Team","Cost","TotalPoints"
"Abraham_Tammy_FWD","Tammy","Abraham","FWD","SWA",5400000,86
"Adam Smith_NAMELESS_DEF","NAMELESS","Adam Smith","DEF","BOU",4800000,56
"Aguero_Sergio_FWD","Sergio","Aguero","FWD","MCI",11500000,169
"Ake_Nathan_DEF","Nathan","Ake","DEF","BOU",5e+06,102
"Albrighton_Marc_MID","Marc","Albrighton","MID","LEI",5500000,107
"Allen_Joe_MID","Joe","Allen","MID","STK",5100000,109
"Alli_Bamidele_MID","Bamidele","Alli","MID","TOT",9e+06,175
"Alonso_Marcos_DEF","Marcos","Alonso","DEF","CHE",7100000,165
"Andre Ayew_NAMELESS_MID","NAMELESS","Andre Ayew","MID","SWA",6800000,77
"Arnautovic_Marko_MID","Marko","Arnautovic","MID","WHU",7100000,144
"Atsu_Christian_MID","Christian","Atsu","MID","NEW",4800000,78
"Azpilicueta_Cesar_DEF","Cesar","Azpilicueta","DEF","CHE",6900000,175
"Baines_Leighton_DEF","Leighton","Baines","DEF","EVE",5700000,82
"Bakayoko_Tiemoue_MID","Tiemoue","Bakayoko","MID","CHE",4900000,77
"Barnes_Ashley_FWD","Ashley","Barnes","FWD","BUR",5300000,92
"Barry_Gareth_MID","Gareth","Barry","MID","WBA",4400000,56
"Bellerin_Hector_DEF","Hector","Bellerin","DEF","ARS",5900000,132
"Benteke_Christian_FWD","Christian","Benteke","FWD","CRY",7500000,84
"Bertrand_Ryan_DEF","Ryan","Bertrand","DEF","SOU",5300000,103
"Bong_Gaetan_DEF","Gaetan","Bong","DEF","BHA",4400000,63
"Bruno_NAMELESS_DEF","NAMELESS","Bruno","DEF","BHA",4500000,84
"Brunt_Chris_MID","Chris","Brunt","MID","WBA",5e+06,81
"Cabaye_Yohan_MID","Yohan","Cabaye","MID","CRY",5300000,73
"Cahill_Gary_DEF","Gary","Cahill","DEF","CHE",6200000,74
"Calvert-Lewin_Dominic_FWD","Dominic","Calvert-Lewin","FWD","EVE",4900000,88
"Can_Emre_MID","Emre","Can","MID","LIV",4900000,92
"Carroll_Tom_MID","Tom","Carroll","MID","SWA",4300000,85
"Cedric_NAMELESS_DEF","NAMELESS","Cedric","DEF","SOU",4700000,85
"Chamberlain_NAMELESS_MID","NAMELESS","Chamberlain","MID","LIV",5500000,94
"Chilwell_Benjamin_DEF","Benjamin","Chilwell","DEF","LEI",4400000,65
"Choupo-Moting_Eric Maxim_MID","Eric Maxim","Choupo-Moting","MID","STK",5200000,107
"Christensen_Andreas_DEF","Andreas","Christensen","DEF","CHE",5300000,79
"Clark_Ciaran_DEF","Ciaran","Clark","DEF","NEW",4300000,64
"Cleverley_Tom_MID","Tom","Cleverley","MID","WAT",5e+06,58
"Clucas_Sam_MID","Sam","Clucas","MID","SWA",4700000,75
"Cork_Jack_MID","Jack","Cork","MID","BUR",4500000,100
"Cresswell_Aaron_DEF","Aaron","Cresswell","DEF","WHU",4900000,118
"Daniels_Charlie_DEF","Charlie","Daniels","DEF","BOU",4700000,94
"David Silva_NAMELESS_MID","NAMELESS","David Silva","MID","MCI",8200000,169
"Davies_Ben_DEF_TOT","Ben","Davies","DEF","TOT",5800000,143
"Davies_Tom_MID","Tom","Davies","MID","EVE",5100000,66
"Dawson_Craig_DEF","Craig","Dawson","DEF","WBA",4800000,87
"De Bruyne_Kevin_MID","Kevin","De Bruyne","MID","MCI",10300000,209
"Deeney_Troy_FWD","Troy","Deeney","FWD","WAT",6300000,73
"Defour_Steven_MID","Steven","Defour","MID","BUR",5400000,62
"Delph_Fabian_MID","Fabian","Delph","MID","MCI",4500000,55
"Dembele_Mousa_MID","Mousa","Dembele","MID","TOT",4900000,52
"Depoitre_Laurent_FWD","Laurent","Depoitre","FWD","HUD",5e+06,94
"Diame_Mohamed_MID","Mohamed","Diame","MID","NEW",4600000,70
"Dier_Eric_MID","Eric","Dier","MID","TOT",4700000,85
"Diouf_Mame Biram_FWD","Mame Biram","Diouf","FWD","STK",5200000,99
"Doucoure_Abdoulaye_MID","Abdoulaye","Doucoure","MID","WAT",5200000,136
"Duffy_Shane_DEF","Shane","Duffy","DEF","BHA",4600000,100
"Dunk_Lewis_DEF","Lewis","Dunk","DEF","BHA",4500000,97
"Eriksen_Christian_MID","Christian","Eriksen","MID","TOT",9700000,199
"Evans_Jonny_DEF","Jonny","Evans","DEF","WBA",4900000,78
"Fabregas_Cesc_MID","Cesc","Fabregas","MID","CHE",6800000,89
"Fernandez_Federico_DEF","Federico","Fernandez","DEF","SWA",4500000,85
"Fernandinho_NAMELESS_MID","NAMELESS","Fernandinho","MID","MCI",5e+06,120
"Firmino_Roberto_FWD","Roberto","Firmino","FWD","LIV",9500000,181
"Fletcher_Darren_MID","Darren","Fletcher","MID","STK",4700000,67
"Francis_Simon_DEF","Simon","Francis","DEF","BOU",4300000,56
"Fraser_Ryan_MID","Ryan","Fraser","MID","BOU",5100000,97
"Fuchs_Christian_DEF","Christian","Fuchs","DEF","LEI",4700000,57
"Gayle_Dwight_FWD","Dwight","Gayle","FWD","NEW",6100000,94
"Gibbs_Kieran_DEF","Kieran","Gibbs","DEF","WBA",5e+06,86
"Gomez_Joseph_DEF","Joseph","Gomez","DEF","LIV",4500000,86
"Gosling_Dan_MID","Dan","Gosling","MID","BOU",4800000,59
"Gray_Demarai_MID","Demarai","Gray","MID","LEI",5300000,80
"Gro?_Pascal_MID","Pascal","Gro?","MID","BHA",5900000,164
"Gudmundsson_Johann Berg_MID","Johann Berg","Gudmundsson","MID","BUR",5e+06,117
"Gueye_Idrissa_MID","Idrissa","Gueye","MID","EVE",4800000,87
"Hadergjonaj_Florent_DEF","Florent","Hadergjonaj","DEF","HUD",4500000,51
"Hazard_Eden_MID","Eden","Hazard","MID","CHE",10500000,173
"Hegazi_Ahmed El-Sayed_DEF","Ahmed El-Sayed","Hegazi","DEF","WBA",4600000,114
"Henderson_Jordan_MID","Jordan","Henderson","MID","LIV",5300000,75
"Hendrick_Jeff_MID","Jeff","Hendrick","MID","BUR",5400000,85
"Hoedt_Wesley_DEF","Wesley","Hoedt","DEF","SOU",5e+06,74
"Hogg_Jonathan_MID","Jonathan","Hogg","MID","HUD",4400000,53
"H?jbjerg_Pierre-Emile_MID","Pierre-Emile","H?jbjerg","MID","SOU",4300000,39
"Holebas_Jose_DEF","Jose","Holebas","DEF","WAT",4800000,72
"Ibe_Jordon_MID","Jordon","Ibe","MID","BOU",4600000,85
"Ince_Tom_MID","Tom","Ince","MID","HUD",5500000,82
"Iwobi_Alex_MID","Alex","Iwobi","MID","ARS",5100000,89
"Izquierdo_NAMELESS_MID","NAMELESS","Izquierdo","MID","BHA",5900000,101
"Jagielka_Phil_DEF","Phil","Jagielka","DEF","EVE",4700000,60
"Janmaat_Daryl_DEF","Daryl","Janmaat","DEF","WAT",4800000,59
"Jones_Phil_DEF","Phil","Jones","DEF","MUN",5500000,116
"Jordan Ayew_NAMELESS_FWD","NAMELESS","Jordan Ayew","FWD","SWA",5400000,108
"Joselu_NAMELESS_FWD","NAMELESS","Joselu","FWD","NEW",5500000,69
"Kabasele_Christian_DEF","Christian","Kabasele","DEF","WAT",4400000,68
"Kane_Harry_FWD","Harry","Kane","FWD","TOT",13100000,217
"Kante_N'Golo_MID","N'Golo","Kante","MID","CHE",4900000,101
"Keane_Michael_DEF","Michael","Keane","DEF","EVE",5300000,81
"Ki Sung-yueng_NAMELESS_MID","NAMELESS","Ki Sung-yueng","MID","SWA",4600000,73
"Kiko Femenia_NAMELESS_DEF","NAMELESS","Kiko Femenia","DEF","WAT",4300000,65
"King_Joshua_FWD","Joshua","King","FWD","BOU",7e+06,110
"Knockaert_Anthony_MID","Anthony","Knockaert","MID","BHA",5500000,88
"Kolasinac_Sead_DEF","Sead","Kolasinac","DEF","ARS",5800000,108
"Koscielny_Laurent_DEF","Laurent","Koscielny","DEF","ARS",6e+06,100
"Kouyate_Cheikhou_MID","Cheikhou","Kouyate","MID","WHU",5e+06,86
"Lacazette_Alexandre_FWD","Alexandre","Lacazette","FWD","ARS",10300000,138
"Lanzini_Manuel_MID","Manuel","Lanzini","MID","WHU",6600000,106
"Lascelles_Jamaal_DEF","Jamaal","Lascelles","DEF","NEW",4900000,116
"Lejeune_Florian_DEF","Florian","Lejeune","DEF","NEW",4300000,66
"Lemina_Mario_MID","Mario","Lemina","MID","SOU",4800000,58
"Lennon_Aaron_MID","Aaron","Lennon","MID","BUR",5400000,65
"Lewis Cook_NAMELESS_MID","NAMELESS","Lewis Cook","MID","BOU",4300000,58
"Lingard_Jesse_MID","Jesse","Lingard","MID","MUN",6e+06,128
"Livermore_Jake_MID","Jake","Livermore","MID","WBA",4800000,89
"Loftus-Cheek_Ruben_MID","Ruben","Loftus-Cheek","MID","CRY",4400000,77
"Lovren_Dejan_DEF","Dejan","Lovren","DEF","LIV",5300000,110
"Lowton_Matthew_DEF","Matthew","Lowton","DEF","BUR",4400000,89
"Lukaku_Romelu_FWD","Romelu","Lukaku","FWD","MUN",11500000,162
"Maguire_Harry_DEF","Harry","Maguire","DEF","LEI",5500000,117
"Mahrez_Riyad_MID","Riyad","Mahrez","MID","LEI",8700000,195
"Mane_Sadio_MID","Sadio","Mane","MID","LIV",9400000,147
"Manquillo_Javier_DEF","Javier","Manquillo","DEF","NEW",4200000,49
"March_Solomon_MID","Solomon","March","MID","BHA",4800000,74
"Mariappa_Adrian_DEF","Adrian","Mariappa","DEF","WAT",4100000,58
"Martina_Cuco_DEF","Cuco","Martina","DEF","EVE",4100000,55
"Masuaku_Arthur_DEF","Arthur","Masuaku","DEF","WHU",4200000,68
"Mata_Juan_MID","Juan","Mata","MID","MUN",6800000,100
"Matic_Nemanja_MID","Nemanja","Matic","MID","MUN",4700000,91
"Matip_Joel_DEF","Joel","Matip","DEF","LIV",5400000,81
"Mawson_Alfie_DEF","Alfie","Mawson","DEF","SWA",5100000,112
"McArthur_James_MID","James","McArthur","MID","CRY",4400000,101
"Mee_Ben_DEF","Ben","Mee","DEF","BUR",4900000,90
"Milivojevic_Luka_MID","Luka","Milivojevic","MID","CRY",5200000,144
"Milner_James_DEF","James","Milner","DEF","LIV",6e+06,77
"Mkhitaryan_Henrikh_MID","Henrikh","Mkhitaryan","MID","ARS",7700000,107
"Monreal_Nacho_DEF","Nacho","Monreal","DEF","ARS",5700000,130
"Mooy_Aaron_MID","Aaron","Mooy","MID","HUD",5200000,113
"Morata_Alvaro_FWD","Alvaro","Morata","FWD","CHE",10400000,122
"Morgan_Wes_DEF","Wes","Morgan","DEF","LEI",4400000,61
"Moses_Victor_DEF","Victor","Moses","DEF","CHE",6500000,131
"Mounie_Steve_FWD","Steve","Mounie","FWD","HUD",5500000,92
"Murray_Glenn_FWD","Glenn","Murray","FWD","BHA",5900000,111
"Mustafi_Shkodran_DEF","Shkodran","Mustafi","DEF","ARS",5400000,109
"Naughton_Kyle_DEF","Kyle","Naughton","DEF","SWA",4600000,101
"Ndidi_Wilfred_MID","Wilfred","Ndidi","MID","LEI",4900000,78
"Noble_Mark_MID","Mark","Noble","MID","WHU",5300000,84
"Nyom_Allan-Romeo_DEF","Allan-Romeo","Nyom","DEF","WBA",4700000,70
"Ogbonna_Angelo_DEF","Angelo","Ogbonna","DEF","WHU",4200000,77
"Olsson_Martin_DEF","Martin","Olsson","DEF","SWA",5e+06,89
"Oriol Romeu_NAMELESS_MID","NAMELESS","Oriol Romeu","MID","SOU",4200000,68
"Otamendi_Nicolas_DEF","Nicolas","Otamendi","DEF","MCI",6400000,156
"Ozil_Mesut_MID","Mesut","Ozil","MID","ARS",9300000,112
"Perez_Ayoze_FWD","Ayoze","Perez","FWD","NEW",5500000,124
"Phillips_Matt_MID","Matt","Phillips","MID","WBA",5400000,81
"Pieters_Erik_DEF","Erik","Pieters","DEF","STK",4700000,71
"Pogba_Paul_MID","Paul","Pogba","MID","MUN",7900000,138
"Propper_Davy_MID","Davy","Propper","MID","BHA",5300000,87
"Ramsey_Aaron_MID","Aaron","Ramsey","MID","ARS",6800000,130
"Rashford_Marcus_FWD","Marcus","Rashford","FWD","MUN",7300000,104
"Redmond_Nathan_MID","Nathan","Redmond","MID","SOU",5900000,72
"Richarlison_NAMELESS_MID","NAMELESS","Richarlison","MID","WAT",5800000,125
"Ritchie_Matt_MID","Matt","Ritchie","MID","NEW",5400000,116
"Robertson_Andrew_DEF","Andrew","Robertson","DEF","LIV",5e+06,111
"Rodriguez_Jay_FWD","Jay","Rodriguez","FWD","WBA",5400000,109
"Rondon_Salomon_FWD","Salomon","Rondon","FWD","WBA",6e+06,103
"Rooney_Wayne_FWD","Wayne","Rooney","FWD","EVE",7100000,113
"Rudiger_Antonio_DEF","Antonio","Rudiger","DEF","CHE",5800000,115
"Salah_Mohamed_MID","Mohamed","Salah","MID","LIV",10600000,303
"Sanchez_Alexis_MID","Alexis","Sanchez","MID","MUN",11400000,152
"Sanchez_Davinson_DEF","Davinson","Sanchez","DEF","TOT",6e+06,107
"Sane_Leroy_MID","Leroy","Sane","MID","MCI",8700000,179
"Schindler_Christopher_DEF","Christopher","Schindler","DEF","HUD",4600000,102
"Schlupp_Jeffrey_DEF","Jeffrey","Schlupp","DEF","CRY",4700000,50
"Schneiderlin_Morgan_MID","Morgan","Schneiderlin","MID","EVE",4700000,52
"Shaqiri_Xherdan_MID","Xherdan","Shaqiri","MID","STK",6100000,155
"Shawcross_Ryan_DEF","Ryan","Shawcross","DEF","STK",4800000,67
"Shelvey_Jonjo_MID","Jonjo","Shelvey","MID","NEW",5200000,73
"Sigurdsson_Gylfi_MID","Gylfi","Sigurdsson","MID","EVE",8e+06,96
"Simpson_Danny_DEF","Danny","Simpson","DEF","LEI",4300000,55
"Smalling_Chris_DEF","Chris","Smalling","DEF","MUN",5700000,123
"Smith_Tommy_DEF","Tommy","Smith","DEF","HUD",4700000,50
"Son_Heung-Min_MID","Heung-Min","Son","MID","TOT",8300000,178
"Stephens_Dale_MID","Dale","Stephens","MID","BHA",4500000,87
"Stephens_Jack_DEF","Jack","Stephens","DEF","SOU",4500000,58
"Sterling_Raheem_MID","Raheem","Sterling","MID","MCI",9100000,229
"Steve Cook_NAMELESS_DEF","NAMELESS","Steve Cook","DEF","BOU",4600000,83
"Surman_Andrew_MID","Andrew","Surman","MID","BOU",4300000,82
"Tadic_Dusan_MID","Dusan","Tadic","MID","SOU",6200000,122
"Tarkowski_James_DEF","James","Tarkowski","DEF","BUR",4600000,101
"Tomkins_James_DEF","James","Tomkins","DEF","CRY",4400000,99
"Townsend_Andros_MID","Andros","Townsend","MID","CRY",5600000,121
"Trippier_Kieran_DEF","Kieran","Trippier","DEF","TOT",5200000,113
"Valencia_Antonio_DEF","Antonio","Valencia","DEF","MUN",6900000,146
"van Aanholt_Patrick_DEF","Patrick","van Aanholt","DEF","CRY",5200000,95
"van der Hoorn_Mike_DEF","Mike","van der Hoorn","DEF","SWA",4400000,74
"van Dijk_Virgil_DEF","Virgil","van Dijk","DEF","LIV",5700000,78
"van La Parra_Rajiv_MID","Rajiv","van La Parra","MID","HUD",4400000,74
"Vardy_Jamie_FWD","Jamie","Vardy","FWD","LEI",8800000,183
"Vertonghen_Jan_DEF","Jan","Vertonghen","DEF","TOT",6100000,138
"Walker_Kyle_DEF","Kyle","Walker","DEF","MCI",6600000,138
"Ward_Stephen_DEF","Stephen","Ward","DEF","BUR",4800000,102
"Ward-Prowse_James_MID","James","Ward-Prowse","MID","SOU",4900000,84
"Wijnaldum_Georginio_MID","Georginio","Wijnaldum","MID","LIV",6600000,85
"Williams_Ashley_DEF","Ashley","Williams","DEF","EVE",5200000,56
"Willian_NAMELESS_MID","NAMELESS","Willian","MID","CHE",7e+06,130
"Wilson_Callum_FWD","Callum","Wilson","FWD","BOU",5600000,102
"Xhaka_Granit_MID","Granit","Xhaka","MID","ARS",5100000,109
"Yedlin_DeAndre_DEF","DeAndre","Yedlin","DEF","NEW",4500000,88
"Yoshida_Maya_DEF","Maya","Yoshida","DEF","SOU",4600000,76
"Young_Ashley_MID","Ashley","Young","MID","MUN",4800000,98
"Zabaleta_Pablo_DEF","Pablo","Zabaleta","DEF","WHU",4900000,90
"Zaha_Wilfried_MID","Wilfried","Zaha","MID","CRY",7100000,136
"Zanka_NAMELESS_DEF","NAMELESS","Zanka","DEF","HUD",4500000,107
"Zouma_Kurt_DEF","Kurt","Zouma","DEF","STK",5400000,87
"Adam Smith_NAMELESS_DEF","NAMELESS","Adam Smith","DEF","BOU",4300000,70
"Aguero_Sergio_FWD","Sergio","Aguero","FWD","MCI",1.2e+07,201
"Ake_Nathan_DEF","Nathan","Ake","DEF","BOU",5100000,120
"Alderweireld_Toby_DEF","Toby","Alderweireld","DEF","TOT",6e+06,107
"Alexander-Arnold_Trent_DEF","Trent","Alexander-Arnold","DEF","LIV",5800000,185
"Alli_Bamidele_MID","Bamidele","Alli","MID","TOT",8800000,94
"Alonso_Marcos_DEF","Marcos","Alonso","DEF","CHE",6200000,161
"Andre Gomes_NAMELESS_MID","NAMELESS","Andre Gomes","MID","EVE",5400000,64
"Antonio_Michail_MID","Michail","Antonio","MID","WHU",6800000,118
"Arnautovic_Marko_FWD","Marko","Arnautovic","FWD","WHU",6700000,117
"Arter_Harry_MID","Harry","Arter","MID","CAR",4900000,48
"Aubameyang_Pierre-Emerick_FWD","Pierre-Emerick","Aubameyang","FWD","ARS",10800000,205
"Azpilicueta_Cesar_DEF","Cesar","Azpilicueta","DEF","CHE",6400000,158
"Balbuena_Fabian_DEF","Fabian","Balbuena","DEF","WHU",4200000,61
"Bamba_Sol_DEF","Sol","Bamba","DEF","CAR",4400000,95
"Bardsley_Phil_DEF","Phil","Bardsley","DEF","BUR",4200000,33
"Barnes_Ashley_FWD","Ashley","Barnes","FWD","BUR",5600000,122
"Bednarek_Jan_DEF","Jan","Bednarek","DEF","SOU",4e+06,49
"Bennett_Joe_DEF","Joe","Bennett","DEF","CAR",4400000,77
"Bennett_Ryan_DEF","Ryan","Bennett","DEF","WOL",4100000,89
"Bernard_NAMELESS_MID","NAMELESS","Bernard","MID","EVE",5900000,88
"Bernardo_NAMELESS_DEF","NAMELESS","Bernardo","DEF","BHA",4200000,39
"Bernardo Silva_NAMELESS_MID","NAMELESS","Bernardo Silva","MID","MCI",7800000,154
"Bertrand_Ryan_DEF","Ryan","Bertrand","DEF","SOU",4800000,56
"Billing_Philip_MID","Philip","Billing","MID","HUD",4500000,63
"Bissouma_Yves_MID","Yves","Bissouma","MID","BHA",4600000,43
"Boly_Willy_DEF","Willy","Boly","DEF","WOL",4700000,120
"Bong_Gaetan_DEF","Gaetan","Bong","DEF","BHA",4400000,48
"Brooks_David_MID","David","Brooks","MID","BOU",5e+06,123
"Bryan_Joe_DEF","Joe","Bryan","DEF","FUL",4800000,52
"Cairney_Tom_MID","Tom","Cairney","MID","FUL",4600000,71
"Calvert-Lewin_Dominic_FWD","Dominic","Calvert-Lewin","FWD","EVE",5400000,92
"Camarasa_Victor_MID","Victor","Camarasa","MID","CAR",4400000,106
"Capoue_Etienne_MID","Etienne","Capoue","MID","WAT",4800000,79
"Cathcart_Craig_DEF","Craig","Cathcart","DEF","WAT",4500000,93
"Chambers_Calum_DEF","Calum","Chambers","DEF","FUL",4200000,60
"Chilwell_Benjamin_DEF","Benjamin","Chilwell","DEF","LEI",5e+06,118
"Christie_Cyrus_DEF","Cyrus","Christie","DEF","FUL",4200000,42
"Coady_Conor_DEF","Conor","Coady","DEF","WOL",4500000,94
"Coleman_Seamus_DEF","Seamus","Coleman","DEF","EVE",5200000,125
"Cork_Jack_MID","Jack","Cork","MID","BUR",4600000,87
"David Luiz_NAMELESS_DEF","NAMELESS","David Luiz","DEF","CHE",5800000,164
"David Silva_NAMELESS_MID","NAMELESS","David Silva","MID","MCI",8500000,143
"Davies_Ben_DEF_TOT","Ben","Davies","DEF","TOT",5600000,66
"Deeney_Troy_FWD","Troy","Deeney","FWD","WAT",5800000,116
"Deulofeu_Gerard_MID","Gerard","Deulofeu","MID","WAT",5700000,133
"Diame_Mohamed_MID","Mohamed","Diame","MID","NEW",4800000,56
"Digne_Lucas_DEF","Lucas","Digne","DEF","EVE",5400000,158
"Diop_Issa_DEF","Issa","Diop","DEF","WHU",4200000,87
"Doherty_Matt_DEF","Matt","Doherty","DEF","WOL",5300000,144
"Doucoure_Abdoulaye_MID","Abdoulaye","Doucoure","MID","WAT",5800000,124
"Duffy_Shane_DEF","Shane","Duffy","DEF","BHA",4700000,115
"Dummett_Paul_DEF","Paul","Dummett","DEF","NEW",4400000,67
"Dunk_Lewis_DEF","Lewis","Dunk","DEF","BHA",4400000,91
"Durm_Erik_DEF","Erik","Durm","DEF","HUD",4400000,49
"Ecuele Manga_Bruno_DEF","Bruno","Ecuele Manga","DEF","CAR",4400000,97
"Eriksen_Christian_MID","Christian","Eriksen","MID","TOT",9200000,161
"Evans_Jonny_DEF","Jonny","Evans","DEF","LEI",4800000,77
"Fabinho_NAMELESS_MID","NAMELESS","Fabinho","MID","LIV",5500000,65
"Felipe Anderson_NAMELESS_MID","NAMELESS","Felipe Anderson","MID","WHU",6800000,155
"Fernandinho_NAMELESS_MID","NAMELESS","Fernandinho","MID","MCI",5300000,79
"Firmino_Roberto_FWD","Roberto","Firmino","FWD","LIV",9300000,160
"Fraser_Ryan_MID","Ryan","Fraser","MID","BOU",6400000,181
"Gosling_Dan_MID","Dan","Gosling","MID","BOU",4700000,54
"Gray_Demarai_MID","Demarai","Gray","MID","LEI",5400000,84
"Gro?_Pascal_MID","Pascal","Gro?","MID","BHA",6700000,80
"Gudmundsson_Johann Berg_MID","Johann Berg","Gudmundsson","MID","BUR",5500000,92
"Guendouzi_Matteo_MID","Matteo","Guendouzi","MID","ARS",4400000,47
"Gueye_Idrissa_MID","Idrissa","Gueye","MID","EVE",4700000,78
"Gundogan_Ilkay_MID","Ilkay","Gundogan","MID","MCI",5400000,113
"Gunnarsson_Aron_MID","Aron","Gunnarsson","MID","CAR",4400000,65
"Hadergjonaj_Florent_DEF","Florent","Hadergjonaj","DEF","HUD",4300000,50
"Hayden_Isaac_MID","Isaac","Hayden","MID","NEW",4300000,69
"Hazard_Eden_MID","Eden","Hazard","MID","CHE",1.1e+07,238
"Henderson_Jordan_MID","Jordan","Henderson","MID","LIV",5300000,76
"Hendrick_Jeff_MID","Jeff","Hendrick","MID","BUR",5200000,73
"Hogg_Jonathan_MID","Jonathan","Hogg","MID","HUD",4400000,54
"Hoilett_David Junior_MID","David Junior","Hoilett","MID","CAR",5e+06,82
"H?jbjerg_Pierre-Emile_MID","Pierre-Emile","H?jbjerg","MID","SOU",4400000,90
"Holebas_Jose_DEF","Jose","Holebas","DEF","WAT",4800000,93
"Hughes_Will_MID","Will","Hughes","MID","WAT",4900000,87
"Iwobi_Alex_MID","Alex","Iwobi","MID","ARS",5400000,99
"Jimenez_Raul_FWD","Raul","Jimenez","FWD","WOL",6900000,181
"Jonny_NAMELESS_DEF","NAMELESS","Jonny","DEF","WOL",4300000,103
"Jorginho_NAMELESS_MID","NAMELESS","Jorginho","MID","CHE",4600000,96
"Jota_Diogo_MID","Diogo","Jota","MID","WOL",6300000,139
"Kane_Harry_FWD","Harry","Kane","FWD","TOT",12600000,160
"Kante_N'Golo_MID","N'Golo","Kante","MID","CHE",4900000,116
"Keane_Michael_DEF","Michael","Keane","DEF","EVE",4800000,129
"Kiko Femenia_NAMELESS_DEF","NAMELESS","Kiko Femenia","DEF","WAT",4200000,66
"King_Joshua_FWD","Joshua","King","FWD","BOU",6400000,141
"Knockaert_Anthony_MID","Anthony","Knockaert","MID","BHA",5200000,74
"Kolasinac_Sead_DEF","Sead","Kolasinac","DEF","ARS",4900000,81
"Kongolo_Terence_DEF","Terence","Kongolo","DEF","HUD",4300000,60
"Kouyate_Cheikhou_MID","Cheikhou","Kouyate","MID","CRY",4700000,67
"Kovacic_Mateo_MID","Mateo","Kovacic","MID","CHE",5700000,64
"Lacazette_Alexandre_FWD","Alexandre","Lacazette","FWD","ARS",9400000,166
"Laporte_Aymeric_DEF","Aymeric","Laporte","DEF","MCI",6300000,177
"Lascelles_Jamaal_DEF","Jamaal","Lascelles","DEF","NEW",4700000,95
"Le Marchand_Maxime_DEF","Maxime","Le Marchand","DEF","FUL",4200000,38
"Lerma_Jefferson_MID","Jefferson","Lerma","MID","BOU",4500000,75
"Lindelof_Victor_DEF","Victor","Lindelof","DEF","MUN",4900000,85
"Lowe_Chris_DEF","Chris","Lowe","DEF","HUD",4400000,49
"Lowton_Matthew_DEF","Matthew","Lowton","DEF","BUR",4600000,34
"Lucas Moura_NAMELESS_MID","NAMELESS","Lucas Moura","MID","TOT",6900000,131
"Lukaku_Romelu_FWD","Romelu","Lukaku","FWD","MUN",10700000,115
"Maddison_James_MID","James","Maddison","MID","LEI",6600000,137
"Maguire_Harry_DEF","Harry","Maguire","DEF","LEI",5400000,92
"Mane_Sadio_MID","Sadio","Mane","MID","LIV",10300000,231
"March_Solomon_MID","Solomon","March","MID","BHA",4700000,94
"Mariappa_Adrian_DEF","Adrian","Mariappa","DEF","WAT",4200000,57
"Masuaku_Arthur_MID","Arthur","Masuaku","MID","WHU",4200000,49
"Matic_Nemanja_MID","Nemanja","Matic","MID","MUN",5e+06,59
"McArthur_James_MID","James","McArthur","MID","CRY",4900000,121
"Mee_Ben_DEF","Ben","Mee","DEF","BUR",4600000,81
"Mendy_Nampalys_MID","Nampalys","Mendy","MID","LEI",4300000,58
"Milivojevic_Luka_MID","Luka","Milivojevic","MID","CRY",6500000,166
"Milner_James_MID","James","Milner","MID","LIV",5600000,101
"Mitrovic_Aleksandar_FWD","Aleksandar","Mitrovic","FWD","FUL",6300000,134
"Monreal_Nacho_DEF","Nacho","Monreal","DEF","ARS",5400000,77
"Montoya_Martin_DEF","Martin","Montoya","DEF","BHA",4300000,45
"Mooy_Aaron_MID","Aaron","Mooy","MID","HUD",5e+06,76
"Morgan_Wes_DEF","Wes","Morgan","DEF","LEI",4500000,76
"Morrison_Sean_DEF","Sean","Morrison","DEF","CAR",4700000,97
"Mounie_Steve_FWD","Steve","Mounie","FWD","HUD",5800000,69
"Moutinho_NAMELESS_MID","NAMELESS","Moutinho","MID","WOL",5100000,119
"Murphy_Josh_MID","Josh","Murphy","MID","CAR",4800000,76
"Murray_Glenn_FWD","Glenn","Murray","FWD","BHA",6100000,129
"Mustafi_Shkodran_DEF","Shkodran","Mustafi","DEF","ARS",5400000,80
"Ndidi_Wilfred_MID","Wilfred","Ndidi","MID","LEI",4900000,89
"Neves_NAMELESS_MID","NAMELESS","Neves","MID","WOL",4900000,104
"Noble_Mark_MID","Mark","Noble","MID","WHU",4800000,99
"Odoi_Denis_DEF","Denis","Odoi","DEF","FUL",4400000,44
"Ogbonna_Angelo_DEF","Angelo","Ogbonna","DEF","WHU",4200000,48
"Oriol Romeu_NAMELESS_MID","NAMELESS","Oriol Romeu","MID","SOU",4200000,55
"Ozil_Mesut_MID","Mesut","Ozil","MID","ARS",7900000,89
"Paterson_Callum_MID","Callum","Paterson","MID","CAR",4800000,80
"Pedro_NAMELESS_MID","NAMELESS","Pedro","MID","CHE",6200000,112
"Pereira_NAMELESS_DEF","NAMELESS","Pereira","DEF","LEI",5300000,146
"Pereyra_Roberto_MID","Roberto","Pereyra","MID","WAT",5900000,122
"Perez_Ayoze_FWD","Ayoze","Perez","FWD","NEW",6100000,141
"Pogba_Paul_MID","Paul","Pogba","MID","MUN",8600000,179
"Pritchard_Alex_MID","Alex","Pritchard","MID","HUD",4800000,69
"Propper_Davy_MID","Davy","Propper","MID","BHA",4800000,72
"Ralls_Joe_MID","Joe","Ralls","MID","CAR",4600000,45
"Rashford_Marcus_FWD","Marcus","Rashford","FWD","MUN",7300000,128
"Ream_Tim_DEF","Tim","Ream","DEF","FUL",4200000,50
"Redmond_Nathan_MID","Nathan","Redmond","MID","SOU",5500000,137
"Rice_Declan_DEF","Declan","Rice","DEF","WHU",4400000,92
"Richarlison_NAMELESS_MID","NAMELESS","Richarlison","MID","EVE",6400000,153
"Ritchie_Matt_MID","Matt","Ritchie","MID","NEW",5800000,110
"Robertson_Andrew_DEF","Andrew","Robertson","DEF","LIV",6700000,213
"Rondon_Salomon_FWD","Salomon","Rondon","FWD","NEW",5900000,148
"Rose_Danny_DEF","Danny","Rose","DEF","TOT",5800000,86
"Rudiger_Antonio_DEF","Antonio","Rudiger","DEF","CHE",5900000,116
"Sakho_Mamadou_DEF","Mamadou","Sakho","DEF","CRY",4900000,88
"Salah_Mohamed_MID","Mohamed","Salah","MID","LIV",13200000,259
"Sanchez_Davinson_DEF","Davinson","Sanchez","DEF","TOT",5800000,78
"Sane_Leroy_MID","Leroy","Sane","MID","MCI",9300000,156
"Schar_Fabian_DEF","Fabian","Schar","DEF","NEW",4500000,93
"Schindler_Christopher_DEF","Christopher","Schindler","DEF","HUD",4200000,76
"Seri_Jean Michael_MID","Jean Michael","Seri","MID","FUL",4900000,72
"Sessegnon_Ryan_MID","Ryan","Sessegnon","MID","FUL",6e+06,94
"Shaw_Luke_DEF","Luke","Shaw","DEF","MUN",5100000,91
"Sigurdsson_Gylfi_MID","Gylfi","Sigurdsson","MID","EVE",7400000,182
"Sissoko_Moussa_MID","Moussa","Sissoko","MID","TOT",4900000,76
"Smalling_Chris_DEF","Chris","Smalling","DEF","MUN",5600000,56
"Snodgrass_Robert_MID","Robert","Snodgrass","MID","WHU",5e+06,85
"Sokratis_NAMELESS_DEF","NAMELESS","Sokratis","DEF","ARS",5100000,64
"Son_Heung-Min_MID","Heung-Min","Son","MID","TOT",8600000,159
"Stephens_Dale_MID","Dale","Stephens","MID","BHA",4300000,65
"Stephens_Jack_DEF","Jack","Stephens","DEF","SOU",4200000,47
"Sterling_Raheem_MID","Raheem","Sterling","MID","MCI",11700000,234
"Steve Cook_NAMELESS_DEF","NAMELESS","Steve Cook","DEF","BOU",4300000,85
"Stones_John_DEF","John","Stones","DEF","MCI",5200000,83
"Tarkowski_James_DEF","James","Tarkowski","DEF","BUR",4700000,97
"Taylor_Charlie_DEF","Charlie","Taylor","DEF","BUR",4400000,82
"Tomkins_James_DEF","James","Tomkins","DEF","CRY",4300000,86
"Torreira_Lucas_MID","Lucas","Torreira","MID","ARS",4700000,78
"Townsend_Andros_MID","Andros","Townsend","MID","CRY",5600000,135
"Trippier_Kieran_DEF","Kieran","Trippier","DEF","TOT",6e+06,118
"Valery_Yan_DEF","Yan","Valery","DEF","SOU",4100000,54
"van Aanholt_Patrick_DEF","Patrick","van Aanholt","DEF","CRY",5500000,140
"van Dijk_Virgil_DEF","Virgil","van Dijk","DEF","LIV",6700000,208
"Vardy_Jamie_FWD","Jamie","Vardy","FWD","LEI",9e+06,174
"Vertonghen_Jan_DEF","Jan","Vertonghen","DEF","TOT",5900000,67
"Vestergaard_Jannik_DEF","Jannik","Vestergaard","DEF","SOU",4600000,50
"Walcott_Theo_MID","Theo","Walcott","MID","EVE",5900000,101
"Walker_Kyle_DEF","Kyle","Walker","DEF","MCI",6400000,150
"Wan-Bissaka_Aaron_DEF","Aaron","Wan-Bissaka","DEF","CRY",4600000,120
"Ward-Prowse_James_MID","James","Ward-Prowse","MID","SOU",5100000,94
"Westwood_Ashley_MID","Ashley","Westwood","MID","BUR",4600000,111
"Wijnaldum_Georginio_MID","Georginio","Wijnaldum","MID","LIV",5500000,108
"Willian_NAMELESS_MID","NAMELESS","Willian","MID","CHE",7100000,108
"Wilson_Callum_FWD","Callum","Wilson","FWD","BOU",6900000,168
"Wood_Chris_FWD","Chris","Wood","FWD","BUR",6300000,131
"Xhaka_Granit_MID","Granit","Xhaka","MID","ARS",5200000,90
"Yedlin_DeAndre_DEF","DeAndre","Yedlin","DEF","NEW",4500000,63
"Young_Ashley_DEF","Ashley","Young","DEF","MUN",5700000,73
"Zabaleta_Pablo_DEF","Pablo","Zabaleta","DEF","WHU",4300000,56
"Zaha_Wilfried_FWD","Wilfried","Zaha","FWD","CRY",7e+06,143
"Zanka_NAMELESS_DEF","NAMELESS","Zanka","DEF","HUD",4400000,67
"Zouma_Kurt_DEF","Kurt","Zouma","DEF","EVE",5e+06,112
"Adams_Che_FWD","Che","Adams","FWD","SOU",5700000,137
"Adarabioyo_Tosin_DEF","Tosin","Adarabioyo","DEF","FUL",4500000,100
"Aina_Ola_DEF","Ola","Aina","DEF","FUL",4300000,102
"Ajayi_Oluwasemilogo Adesewo Ibidapo_DEF","Oluwasemilogo Adesewo Ibidapo","Ajayi","DEF","WBA",4800000,51
"Albrighton_Marc_MID","Marc","Albrighton","MID","LEI",5200000,78
"Alderweireld_Toby_DEF","Toby","Alderweireld","DEF","TOT",5400000,88
"Alexander-Arnold_Trent_DEF","Trent","Alexander-Arnold","DEF","LIV",7800000,160
"Alioski_Ezgjan_DEF","Ezgjan","Alioski","DEF","LEE",4400000,110
"Allan_NAMELESS_MID","NAMELESS","Allan","MID","EVE",5200000,47
"Almiron_Miguel_MID","Miguel","Almiron","MID","NEW",5600000,97
"Ampadu_Ethan_DEF","Ethan","Ampadu","DEF","SHU",4300000,44
"Andersen_Joachim_DEF","Joachim","Andersen","DEF","FUL",4500000,93
"Anguissa_NAMELESS_MID","NAMELESS","Anguissa","MID","FUL",4400000,76
"Antonio_Michail_FWD","Michail","Antonio","FWD","WHU",6700000,118
"Armstrong_Stuart_MID","Stuart","Armstrong","MID","SOU",5500000,115
"Aubameyang_Pierre-Emerick_MID","Pierre-Emerick","Aubameyang","MID","ARS",11300000,131
"Ayew_Jordan_FWD","Jordan","Ayew","FWD","CRY",5600000,70
"Ayling_Luke_DEF","Luke","Ayling","DEF","LEE",4400000,100
"Azpilicueta_Cesar_DEF","Cesar","Azpilicueta","DEF","CHE",5800000,113
"Baldock_George_DEF","George","Baldock","DEF","SHU",4900000,63
"Bamford_Patrick_FWD","Patrick","Bamford","FWD","LEE",6600000,194
"Barnes_Harvey_MID","Harvey","Barnes","MID","LEI",6600000,126
"Bartley_Kyle_DEF","Kyle","Bartley","DEF","WBA",4400000,79
"Basham_Chris_DEF","Chris","Basham","DEF","SHU",4600000,51
"Bednarek_Jan_DEF","Jan","Bednarek","DEF","SOU",4700000,94
"Bellerin_Hector_DEF","Hector","Bellerin","DEF","ARS",5e+06,94
"Benteke_Christian_FWD","Christian","Benteke","FWD","CRY",5500000,106
"Bernardo Silva_NAMELESS_MID","NAMELESS","Bernardo Silva","MID","MCI",7400000,94
"Bertrand_Ryan_DEF","Ryan","Bertrand","DEF","SOU",5e+06,78
"Bissouma_Yves_MID","Yves","Bissouma","MID","BHA",4400000,77
"Boly_Willy_DEF","Willy","Boly","DEF","WOL",5400000,68
"Bowen_Jarrod_MID","Jarrod","Bowen","MID","WHU",5800000,141
"Brownhill_Josh_MID","Josh","Brownhill","MID","BUR",4900000,74
"Burn_Dan_DEF","Dan","Burn","DEF","BHA",4200000,64
"Cahill_Gary_DEF","Gary","Cahill","DEF","CRY",4500000,53
"Calvert-Lewin_Dominic_FWD","Dominic","Calvert-Lewin","FWD","EVE",7500000,165
"Cancelo_Joao Pedro Cavaco_DEF","Joao Pedro Cavaco","Cancelo","DEF","MCI",5800000,138
"Cash_Matthew_DEF","Matthew","Cash","DEF","AVL",5e+06,89
"Castagne_Timothy_DEF","Timothy","Castagne","DEF","LEI",5800000,94
"Cavaleiro_NAMELESS_MID","NAMELESS","Cavaleiro","MID","FUL",5300000,85
"Chilwell_Benjamin_DEF","Benjamin","Chilwell","DEF","CHE",5900000,139
"Clark_Ciaran_DEF","Ciaran","Clark","DEF","NEW",4500000,46
"Coady_Conor_DEF","Conor","Coady","DEF","WOL",4900000,106
"Cooper_Liam_DEF","Liam","Cooper","DEF","LEE",4300000,59
"Coufal_Vladimir_DEF","Vladimir","Coufal","DEF","WHU",4800000,128
"Cresswell_Aaron_DEF","Aaron","Cresswell","DEF","WHU",5700000,153
"Dallas_Stuart_DEF","Stuart","Dallas","DEF","LEE",5500000,171
"Dawson_Craig_DEF","Craig","Dawson","DEF","WHU",4500000,75
"De Bruyne_Kevin_MID","Kevin","De Bruyne","MID","MCI",11800000,141
"Decordova-Reid_Bobby_FWD","Bobby","Decordova-Reid","FWD","FUL",5300000,88
"Dendoncker_Leander_MID","Leander","Dendoncker","MID","WOL",4600000,77
"Dias_NAMELESS_DEF","NAMELESS","Dias","DEF","MCI",5900000,142
"Dier_Eric_DEF","Eric","Dier","DEF","TOT",4600000,77
"Digne_Lucas_DEF","Lucas","Digne","DEF","EVE",6200000,120
"Doucoure_Abdoulaye_MID","Abdoulaye","Doucoure","MID","EVE",5100000,80
"Douglas Luiz_NAMELESS_MID","NAMELESS","Douglas Luiz","MID","AVL",4800000,72
"Dunk_Lewis_DEF","Lewis","Dunk","DEF","BHA",4800000,130
"Egan_John_DEF","John","Egan","DEF","SHU",4700000,57
"Evans_Jonny_DEF","Jonny","Evans","DEF","LEI",5600000,109
"Eze_Eberechi_MID","Eberechi","Eze","MID","CRY",5800000,125
"Fabinho_NAMELESS_MID","NAMELESS","Fabinho","MID","LIV",5400000,71
"Fernandes_NAMELESS_MID","NAMELESS","Fernandes","MID","MUN",11300000,244
"Fernandez_Federico_DEF","Federico","Fernandez","DEF","NEW",4700000,53
"Firmino_Roberto_FWD","Roberto","Firmino","FWD","LIV",9100000,141
"Fleck_John_MID","John","Fleck","MID","SHU",5600000,70
"Fofana_Wesley_DEF","Wesley","Fofana","DEF","LEI",5e+06,71
"Fornals_Pablo_MID","Pablo","Fornals","MID","WHU",5800000,125
"Fred_NAMELESS_MID","NAMELESS","Fred","MID","MUN",5300000,69
"Furlong_Darnell_DEF","Darnell","Furlong","DEF","WBA",4500000,79
"Gabriel_NAMELESS_DEF","NAMELESS","Gabriel","DEF","ARS",4900000,78
"Gallagher_Conor_MID","Conor","Gallagher","MID","WBA",5500000,71
"Godfrey_Ben_DEF","Ben","Godfrey","DEF","EVE",5100000,100
"Grealish_Jack_MID","Jack","Grealish","MID","AVL",7500000,135
"Greenwood_Mason_MID","Mason","Greenwood","MID","MUN",7300000,106
"Gro?_Pascal_MID","Pascal","Gro?","MID","BHA",5800000,116
"Gundogan_Ilkay_MID","Ilkay","Gundogan","MID","MCI",5500000,157
"Harrison_Jack_MID","Jack","Harrison","MID","LEE",5600000,160
"Hayden_Isaac_MID","Isaac","Hayden","MID","NEW",4600000,40
"Henderson_Jordan_MID","Jordan","Henderson","MID","LIV",5400000,56
"H?jbjerg_Pierre-Emile_MID","Pierre-Emile","H?jbjerg","MID","TOT",4900000,107
"Holding_Rob_DEF","Rob","Holding","DEF","ARS",4300000,105
"Holgate_Mason_DEF","Mason","Holgate","DEF","EVE",4800000,80
"Ings_Danny_FWD","Danny","Ings","FWD","SOU",8400000,131
"James_Reece_DEF","Reece","James","DEF","CHE",5100000,112
"Jesus_NAMELESS_FWD","NAMELESS","Jesus","FWD","MCI",9100000,115
"Joelinton_NAMELESS_FWD","NAMELESS","Joelinton","FWD","NEW",5700000,74
"Jorginho_NAMELESS_MID","NAMELESS","Jorginho","MID","CHE",4700000,114
"Justin_James_DEF","James","Justin","DEF","LEI",4800000,101
"Kane_Harry_FWD","Harry","Kane","FWD","TOT",11900000,242
"Kante_N'Golo_MID","N'Golo","Kante","MID","CHE",4900000,62
"Keane_Michael_DEF","Michael","Keane","DEF","EVE",5e+06,127
"Klich_Mateusz_MID","Mateusz","Klich","MID","LEE",5200000,99
"Konsa_NAMELESS_DEF","NAMELESS","Konsa","DEF","AVL",4600000,119
"Kouyate_Cheikhou_MID","Cheikhou","Kouyate","MID","CRY",4800000,82
"Kovacic_Mateo_MID","Mateo","Kovacic","MID","CHE",5300000,54
"Lacazette_Alexandre_FWD","Alexandre","Lacazette","FWD","ARS",8400000,129
"Lemina_Mario_MID","Mario","Lemina","MID","FUL",4500000,55
"Lewis_Jamal_DEF","Jamal","Lewis","DEF","NEW",4e+06,44
"Lindelof_Victor_DEF","Victor","Lindelof","DEF","MUN",4800000,102
"Loftus-Cheek_Ruben_MID","Ruben","Loftus-Cheek","MID","FUL",5900000,66
"Lookman_Ademola_MID","Ademola","Lookman","MID","FUL",4700000,107
"Lowton_Matthew_DEF","Matthew","Lowton","DEF","BUR",4400000,103
"Lundstram_John_MID","John","Lundstram","MID","SHU",4800000,48
"Maddison_James_MID","James","Maddison","MID","LEI",7200000,133
"Maguire_Harry_DEF","Harry","Maguire","DEF","MUN",5500000,124
"Mahrez_Riyad_MID","Riyad","Mahrez","MID","MCI",8100000,145
"Maitland-Niles_Ainsley_DEF","Ainsley","Maitland-Niles","DEF","WBA",4600000,68
"Mane_Sadio_MID","Sadio","Mane","MID","LIV",11800000,176
"March_Solomon_MID","Solomon","March","MID","BHA",4900000,69
"Maupay_Neal_FWD","Neal","Maupay","FWD","BHA",5800000,105
"McGinn_John_MID","John","McGinn","MID","AVL",5500000,114
"McGoldrick_David_FWD","David","McGoldrick","FWD","SHU",5200000,100
"McNeil_Dwight_MID","Dwight","McNeil","MID","BUR",5700000,113
"McTominay_Scott_MID","Scott","McTominay","MID","MUN",4900000,91
"Mee_Ben_DEF","Ben","Mee","DEF","BUR",4700000,102
"Milivojevic_Luka_MID","Luka","Milivojevic","MID","CRY",5600000,63
"Mina_Yerry_DEF","Yerry","Mina","DEF","EVE",5500000,79
"Mings_Tyrone_DEF","Tyrone","Mings","DEF","AVL",5400000,128
"Mitchell_Tyrick_DEF","Tyrick","Mitchell","DEF","CRY",3800000,58
"Mount_Mason_MID","Mason","Mount","MID","CHE",7300000,147
"Moutinho_NAMELESS_MID","NAMELESS","Moutinho","MID","WOL",5100000,73
"Ndidi_Wilfred_MID","Wilfred","Ndidi","MID","LEI",4800000,79
"Ndombele_Tanguy_MID","Tanguy","Ndombele","MID","TOT",5900000,99
"Neto_NAMELESS_MID","NAMELESS","Neto","MID","WOL",5500000,124
"Neves_NAMELESS_MID","NAMELESS","Neves","MID","WOL",5100000,104
"Norwood_Oliver_MID","Oliver","Norwood","MID","SHU",4500000,54
"Ogbonna_Angelo_DEF","Angelo","Ogbonna","DEF","WHU",4700000,100
"Oriol Romeu_NAMELESS_MID","NAMELESS","Oriol Romeu","MID","SOU",4500000,52
"O'Shea_Dara_DEF","Dara","O'Shea","DEF","WBA",4200000,41
"Pereira_Matheus_MID","Matheus","Pereira","MID","WBA",5400000,153
"Phillips_Kalvin_MID","Kalvin","Phillips","MID","LEE",4900000,67
"Phillips_Matt_MID","Matt","Phillips","MID","WBA",5100000,69
"Pogba_Paul_MID","Paul","Pogba","MID","MUN",7600000,92
"Pulisic_Christian_MID","Christian","Pulisic","MID","CHE",8300000,82
"Raphinha_NAMELESS_MID","NAMELESS","Raphinha","MID","LEE",5600000,133
"Rashford_Marcus_MID","Marcus","Rashford","MID","MUN",9600000,174
"Redmond_Nathan_MID","Nathan","Redmond","MID","SOU",6400000,67
"Reed_Harrison_MID","Harrison","Reed","MID","FUL",4400000,69
"Reguilon_Sergio_DEF","Sergio","Reguilon","DEF","TOT",5500000,89
"Rice_Declan_MID","Declan","Rice","MID","WHU",4700000,86
"Richarlison_NAMELESS_FWD","NAMELESS","Richarlison","FWD","EVE",7700000,123
"Riedewald_Jairo_MID","Jairo","Riedewald","MID","CRY",4400000,64
"Robertson_Andrew_DEF","Andrew","Robertson","DEF","LIV",7300000,161
"Robinson_Antonee_DEF","Antonee","Robinson","DEF","FUL",4400000,57
"Rodrigo_NAMELESS_MID","NAMELESS","Rodrigo","MID","MCI",5300000,91
"Rodriguez_James_MID","James","Rodriguez","MID","EVE",7700000,101
"Rudiger_Antonio_DEF","Antonio","Rudiger","DEF","CHE",4700000,93
"Saiss_Romain_DEF","Romain","Saiss","DEF","WOL",4900000,99
"Saka_Bukayo_MID","Bukayo","Saka","MID","ARS",5100000,114
"Salah_Mohamed_MID","Mohamed","Salah","MID","LIV",12900000,231
"Semedo_NAMELESS_DEF","NAMELESS","Semedo","DEF","WOL",5100000,109
"Shaw_Luke_DEF","Luke","Shaw","DEF","MUN",5500000,124
"Shelvey_Jonjo_MID","Jonjo","Shelvey","MID","NEW",5300000,74
"Sigurdsson_Gylfi_MID","Gylfi","Sigurdsson","MID","EVE",6800000,122
"Son_Heung-Min_MID","Heung-Min","Son","MID","TOT",9600000,228
"Soucek_Tomas_MID","Tomas","Soucek","MID","WHU",5200000,147
"Soyuncu_Caglar_DEF","Caglar","Soyuncu","DEF","LEI",5300000,59
"Sterling_Raheem_MID","Raheem","Sterling","MID","MCI",10900000,154
"Stevens_Enda_DEF","Enda","Stevens","DEF","SHU",5e+06,56
"Stones_John_DEF","John","Stones","DEF","MCI",5100000,128
"Struijk_Pascal_DEF","Pascal","Struijk","DEF","LEE",4e+06,71
"Targett_Matt_DEF","Matt","Targett","DEF","AVL",5e+06,138
"Tarkowski_James_DEF","James","Tarkowski","DEF","BUR",5300000,109
"Taylor_Charlie_DEF","Charlie","Taylor","DEF","BUR",4400000,83
"Thiago_NAMELESS_MID","NAMELESS","Thiago","MID","LIV",5500000,55
"Thiago Silva_NAMELESS_DEF","NAMELESS","Thiago Silva","DEF","CHE",5600000,92
"Tielemans_Youri_MID","Youri","Tielemans","MID","LEI",6400000,133
"Tierney_Kieran_DEF","Kieran","Tierney","DEF","ARS",5200000,96
"Townsend_Andros_MID","Andros","Townsend","MID","CRY",5500000,94
"Townsend_Conor_DEF","Conor","Townsend","DEF","WBA",4400000,76
"Traore_Adama_MID","Adama","Traore","MID","WOL",6e+06,94
"Traore_Bertrand_MID","Bertrand","Traore","MID","AVL",5800000,135
"Trossard_Leandro_MID","Leandro","Trossard","MID","BHA",5500000,132
"van Aanholt_Patrick_DEF","Patrick","van Aanholt","DEF","CRY",5400000,54
"Vardy_Jamie_FWD","Jamie","Vardy","FWD","LEI",10200000,187
"Veltman_Joel_DEF","Joel","Veltman","DEF","BHA",4300000,96
"Vestergaard_Jannik_DEF","Jannik","Vestergaard","DEF","SOU",4700000,86
"Walker_Kyle_DEF","Kyle","Walker","DEF","MCI",6100000,91
"Walker-Peters_Kyle_DEF","Kyle","Walker-Peters","DEF","SOU",4700000,93
"Wan-Bissaka_Aaron_DEF","Aaron","Wan-Bissaka","DEF","MUN",5800000,144
"Ward_Joel_DEF","Joel","Ward","DEF","CRY",4300000,66
"Ward-Prowse_James_MID","James","Ward-Prowse","MID","SOU",5900000,156
"Watkins_Ollie_FWD","Ollie","Watkins","FWD","AVL",6300000,168
"Webster_Adam_DEF","Adam","Webster","DEF","BHA",4300000,85
"Werner_Timo_FWD","Timo","Werner","FWD","CHE",9200000,128
"Westwood_Ashley_MID","Ashley","Westwood","MID","BUR",5300000,112
"White_Ben_DEF","Ben","White","DEF","BHA",4500000,104
"Wijnaldum_Georginio_MID","Georginio","Wijnaldum","MID","LIV",5300000,97
"Wilson_Callum_FWD","Callum","Wilson","FWD","NEW",6500000,134
"Wood_Chris_FWD","Chris","Wood","FWD","BUR",6600000,138
"Xhaka_Granit_MID","Granit","Xhaka","MID","ARS",5200000,70
"Zaha_Wilfried_MID","Wilfried","Zaha","MID","CRY",7100000,136
"Zouma_Kurt_DEF","Kurt","Zouma","DEF","CHE",5300000,108
"Aarons_Max_DEF","Max","Aarons","DEF","NOR",4300000,55
"Adams_Che_FWD","Che","Adams","FWD","SOU",6500000,103
"Ait Nouri_Rayan_DEF","Rayan","Ait Nouri","DEF","WOL",4100000,87
"Ajer_Kristoffer_DEF","Kristoffer","Ajer","DEF","BRE",4400000,81
"Alexander-Arnold_Trent_DEF","Trent","Alexander-Arnold","DEF","LIV",8400000,208
"Allan_NAMELESS_MID","NAMELESS","Allan","MID","EVE",4300000,58
"Almiron_Miguel_MID","Miguel","Almiron","MID","NEW",5e+06,59
"Alonso_Marcos_DEF","Marcos","Alonso","DEF","CHE",5700000,128
"Amartey_Daniel_DEF","Daniel","Amartey","DEF","LEI",4e+06,55
"Andersen_Joachim_DEF","Joachim","Andersen","DEF","CRY",4700000,124
"Antonio_Michail_FWD","Michail","Antonio","FWD","WHU",7300000,140
"Ayew_Jordan_FWD","Jordan","Ayew","FWD","CRY",5800000,77
"Ayling_Luke_DEF","Luke","Ayling","DEF","LEE",4300000,55
"Azpilicueta_Cesar_DEF","Cesar","Azpilicueta","DEF","CHE",5600000,87
"Barnes_Harvey_MID","Harvey","Barnes","MID","LEI",6500000,137
"Bednarek_Jan_DEF","Jan","Bednarek","DEF","SOU",4400000,94
"Benrahma_Said_MID","Said","Benrahma","MID","WHU",5900000,138
"Bernardo_NAMELESS_MID","NAMELESS","Bernardo","MID","MCI",7e+06,155
"Bissouma_Yves_MID","Yves","Bissouma","MID","BHA",4400000,66
"Bowen_Jarrod_MID","Jarrod","Bowen","MID","WHU",6900000,206
"Broja_Armando_FWD","Armando","Broja","FWD","SOU",5300000,92
"Brownhill_Josh_MID","Josh","Brownhill","MID","BUR",4300000,92
"Buendia_NAMELESS_MID","NAMELESS","Buendia","MID","AVL",6100000,107
"Burn_Dan_DEF","Dan","Burn","DEF","NEW",4400000,92
"Cancelo_Joao Pedro Cavaco_DEF","Joao Pedro Cavaco","Cancelo","DEF","MCI",7200000,201
"Canos_Sergi_MID","Sergi","Canos","MID","BRE",5500000,81
"Cash_Matthew_DEF","Matthew","Cash","DEF","AVL",5300000,147
"Castagne_Timothy_DEF","Timothy","Castagne","DEF","LEI",5300000,75
"Cathcart_Craig_DEF","Craig","Cathcart","DEF","WAT",4200000,50
"Coady_Conor_DEF","Conor","Coady","DEF","WOL",4700000,138
"Coleman_Seamus_DEF","Seamus","Coleman","DEF","EVE",4900000,79
"Collins_Nathan_DEF","Nathan","Collins","DEF","BUR",4300000,55
"Cooper_Liam_DEF","Liam","Cooper","DEF","LEE",4400000,60
"Cork_Jack_MID","Jack","Cork","MID","BUR",4400000,48
"Cornet_Maxwel_MID","Maxwel","Cornet","MID","BUR",5800000,104
"Coufal_Vladimir_DEF","Vladimir","Coufal","DEF","WHU",4700000,70
"Cresswell_Aaron_DEF","Aaron","Cresswell","DEF","WHU",5400000,115
"Cucurella_Marc_DEF","Marc","Cucurella","DEF","BHA",4900000,126
"Dallas_Stuart_MID","Stuart","Dallas","MID","LEE",4900000,80
"Dalot_NAMELESS_DEF","NAMELESS","Dalot","DEF","MUN",4200000,54
"Davies_Ben_DEF_TOT","Ben","Davies","DEF","TOT",4500000,105
"Dawson_Craig_DEF","Craig","Dawson","DEF","WHU",4900000,90
"De Bruyne_Kevin_MID","Kevin","De Bruyne","MID","MCI",12100000,196
"Dendoncker_Leander_MID","Leander","Dendoncker","MID","WOL",4600000,76
"Dennis_Emmanuel_FWD","Emmanuel","Dennis","FWD","WAT",5800000,134
"Dewsbury-Hall_Kiernan_MID","Kiernan","Dewsbury-Hall","MID","LEI",4400000,70
"Dias_NAMELESS_DEF","NAMELESS","Dias","DEF","MCI",6200000,141
"Dier_Eric_DEF","Eric","Dier","DEF","TOT",4700000,132
"Digne_Lucas_DEF","Lucas","Digne","DEF","AVL",5e+06,83
"Doucoure_Abdoulaye_MID","Abdoulaye","Doucoure","MID","EVE",5300000,90
"Douglas Luiz_NAMELESS_MID","NAMELESS","Douglas Luiz","MID","AVL",4300000,89
"Dunk_Lewis_DEF","Lewis","Dunk","DEF","BHA",4800000,92
"Elyounoussi_Mohamed_MID","Mohamed","Elyounoussi","MID","SOU",5400000,90
"Emerson Royal_NAMELESS_DEF","NAMELESS","Emerson Royal","DEF","TOT",4600000,102
"Fabinho_NAMELESS_MID","NAMELESS","Fabinho","MID","LIV",5400000,97
"Femenia_NAMELESS_DEF","NAMELESS","Femenia","DEF","WAT",4300000,53
"Fernandes_NAMELESS_MID","NAMELESS","Fernandes","MID","MUN",11600000,151
"Firpo_NAMELESS_DEF","NAMELESS","Firpo","DEF","LEE",4700000,22
"Foden_Phil_MID","Phil","Foden","MID","MCI",7900000,137
"Fornals_Pablo_MID","Pablo","Fornals","MID","WHU",5900000,117
"Fred_NAMELESS_MID","NAMELESS","Fred","MID","MUN",4900000,93
"Gabriel_NAMELESS_DEF","NAMELESS","Gabriel","DEF","ARS",5300000,146
"Gallagher_Conor_MID","Conor","Gallagher","MID","CRY",6e+06,140
"Gibson_Ben_DEF","Ben","Gibson","DEF","NOR",4400000,53
"Gilmour_Billy_MID","Billy","Gilmour","MID","NOR",4300000,49
"Godfrey_Ben_DEF","Ben","Godfrey","DEF","EVE",4700000,45
"Gordon_Anthony_MID","Anthony","Gordon","MID","EVE",4700000,100
"Gray_Demarai_MID","Demarai","Gray","MID","EVE",5400000,106
"Grealish_Jack_MID","Jack","Grealish","MID","MCI",7500000,86
"Gro?_Pascal_MID","Pascal","Gro?","MID","BHA",5600000,88
"Guehi_Marc_DEF","Marc","Guehi","DEF","CRY",4500000,123
"Gundogan_Ilkay_MID","Ilkay","Gundogan","MID","MCI",7100000,124
"Hanley_Grant_DEF","Grant","Hanley","DEF","NOR",4400000,71
"Harrison_Jack_MID","Jack","Harrison","MID","LEE",5500000,117
"Havertz_Kai_MID","Kai","Havertz","MID","CHE",7900000,112
"Henderson_Jordan_MID","Jordan","Henderson","MID","LIV",4900000,110
"Henry_Rico_DEF","Rico","Henry","DEF","BRE",4500000,108
"H?jbjerg_Pierre-Emile_MID","Pierre-Emile","H?jbjerg","MID","TOT",4800000,109
"Holgate_Mason_DEF","Mason","Holgate","DEF","EVE",4200000,62
"Hwang_Hee-Chan_FWD","Hee-Chan","Hwang","FWD","WOL",5400000,81
"Ings_Danny_FWD","Danny","Ings","FWD","AVL",7700000,106
"Iwobi_Alex_MID","Alex","Iwobi","MID","EVE",5800000,78
"James_Daniel_MID","Daniel","James","MID","LEE",6e+06,91
"James_Reece_DEF","Reece","James","DEF","CHE",6500000,141
"Janelt_Vitaly_MID","Vitaly","Janelt","MID","BRE",4900000,90
"Jansson_Pontus_DEF","Pontus","Jansson","DEF","BRE",4500000,122
"Jesus_NAMELESS_FWD","NAMELESS","Jesus","FWD","MCI",8600000,120
"Jimenez_Raul_FWD","Raul","Jimenez","FWD","WOL",7500000,101
"Joelinton_NAMELESS_FWD","NAMELESS","Joelinton","FWD","NEW",5900000,83
"Jorginho_NAMELESS_MID","NAMELESS","Jorginho","MID","CHE",5700000,106
"Jota_Diogo_MID","Diogo","Jota","MID","LIV",8300000,175
"Kane_Harry_FWD","Harry","Kane","FWD","TOT",12500000,192
"Kante_N'Golo_MID","N'Golo","Kante","MID","CHE",4900000,79
"Keane_Michael_DEF","Michael","Keane","DEF","EVE",4600000,102
"Kilman_Max_DEF","Max","Kilman","DEF","WOL",4500000,106
"King_Joshua_FWD","Joshua","King","FWD","WAT",5600000,87
"Klich_Mateusz_MID","Mateusz","Klich","MID","LEE",5100000,61
"Konsa_NAMELESS_DEF","NAMELESS","Konsa","DEF","AVL",4900000,78
"Kouyate_Cheikhou_DEF","Cheikhou","Kouyate","DEF","CRY",4500000,77
"Kucka_Juraj_MID","Juraj","Kucka","MID","WAT",5500000,54
"Lacazette_Alexandre_FWD","Alexandre","Lacazette","FWD","ARS",8100000,90
"Lanzini_Manuel_MID","Manuel","Lanzini","MID","WHU",5600000,92
"Laporte_Aymeric_DEF","Aymeric","Laporte","DEF","MCI",6e+06,160
"Lascelles_Jamaal_DEF","Jamaal","Lascelles","DEF","NEW",4400000,47
"Lees-Melou_Pierre_MID","Pierre","Lees-Melou","MID","NOR",4800000,70
"Lindelof_Victor_DEF","Victor","Lindelof","DEF","MUN",4800000,66
"Livramento_Tino_DEF","Tino","Livramento","DEF","SOU",4200000,80
"Llorente_Diego_DEF","Diego","Llorente","DEF","LEE",4500000,77
"Lowton_Matthew_DEF","Matthew","Lowton","DEF","BUR",4400000,65
"Lucas Moura_NAMELESS_MID","NAMELESS","Lucas Moura","MID","TOT",5900000,87
"Mac Allister_Alexis_MID","Alexis","Mac Allister","MID","BHA",5100000,93
"Maddison_James_MID","James","Maddison","MID","LEI",6900000,181
"Maguire_Harry_DEF","Harry","Maguire","DEF","MUN",5400000,69
"Mane_Sadio_MID","Sadio","Mane","MID","LIV",11800000,183
"March_Solomon_MID","Solomon","March","MID","BHA",5300000,61
"Martinelli_NAMELESS_MID","NAMELESS","Martinelli","MID","ARS",5300000,110
"Matip_Joel_DEF","Joel","Matip","DEF","LIV",5300000,170
"Maupay_Neal_FWD","Neal","Maupay","FWD","BHA",6200000,98
"Mbeumo_Bryan_MID","Bryan","Mbeumo","MID","BRE",5200000,119
"McGinn_John_MID","John","McGinn","MID","AVL",5600000,110
"McLean_Kenny_MID","Kenny","McLean","MID","NOR",4900000,69
"McNeil_Dwight_MID","Dwight","McNeil","MID","BUR",5500000,84
"McTominay_Scott_MID","Scott","McTominay","MID","MUN",5400000,68
"Mee_Ben_DEF","Ben","Mee","DEF","BUR",4600000,74
"Mings_Tyrone_DEF","Tyrone","Mings","DEF","AVL",5e+06,118
"Mitchell_Tyrick_DEF","Tyrick","Mitchell","DEF","CRY",4500000,109
"Moder_Jakub_MID","Jakub","Moder","MID","BHA",4500000,58
"Mount_Mason_MID","Mason","Mount","MID","CHE",7700000,169
"Moutinho_NAMELESS_MID","NAMELESS","Moutinho","MID","WOL",4900000,96
"Neves_NAMELESS_MID","NAMELESS","Neves","MID","WOL",5200000,95
"N?rgaard_Christian_MID","Christian","N?rgaard","MID","BRE",5e+06,101
"?degaard_Martin_MID","Martin","?degaard","MID","ARS",5600000,131
"Partey_Thomas_MID","Thomas","Partey","MID","ARS",5e+06,71
"Pinnock_Ethan_DEF","Ethan","Pinnock","DEF","BRE",4400000,90
"Pukki_Teemu_FWD","Teemu","Pukki","FWD","NOR",6100000,142
"Ramsey_Jacob_MID","Jacob","Ramsey","MID","AVL",4700000,109
"Raphinha_NAMELESS_MID","NAMELESS","Raphinha","MID","LEE",6300000,145
"Rashica_Milot_MID","Milot","Rashica","MID","NOR",5200000,70
"Redmond_Nathan_MID","Nathan","Redmond","MID","SOU",5900000,79
"Reguilon_Sergio_DEF","Sergio","Reguilon","DEF","TOT",5e+06,104
"Rice_Declan_MID","Declan","Rice","MID","WHU",5e+06,95
"Richarlison_NAMELESS_FWD","NAMELESS","Richarlison","FWD","EVE",7600000,125
"Roberts_Connor_DEF","Connor","Roberts","DEF","BUR",4400000,69
"Robertson_Andrew_DEF","Andrew","Robertson","DEF","LIV",7300000,186
"Rodrigo_NAMELESS_FWD","NAMELESS","Rodrigo","FWD","LEE",6300000,85
"Rodrigo_NAMELESS_MID","NAMELESS","Rodrigo","MID","MCI",5500000,127
"Romero_Cristian_DEF","Cristian","Romero","DEF","TOT",4800000,63
"Romeu_NAMELESS_MID","NAMELESS","Romeu","MID","SOU",4500000,88
"Ronaldo_NAMELESS_FWD","NAMELESS","Ronaldo","FWD","MUN",12200000,159
"Rudiger_Antonio_DEF","Antonio","Rudiger","DEF","CHE",6100000,150
"Saint-Maximin_Allan_FWD","Allan","Saint-Maximin","FWD","NEW",6700000,116
"Saiss_Romain_DEF","Romain","Saiss","DEF","WOL",4800000,109
"Saka_Bukayo_MID","Bukayo","Saka","MID","ARS",6700000,179
"Salah_Mohamed_MID","Mohamed","Salah","MID","LIV",13100000,265
"Salisu_Mohammed_DEF","Mohammed","Salisu","DEF","SOU",4500000,58
"Samir_NAMELESS_DEF","NAMELESS","Samir","DEF","WAT",4500000,36
"Sancho_Jadon_MID","Jadon","Sancho","MID","MUN",8900000,91
"Sarr_Ismaila_MID","Ismaila","Sarr","MID","WAT",5700000,81
"Schar_Fabian_DEF","Fabian","Schar","DEF","NEW",4100000,88
"Schlupp_Jeffrey_MID","Jeffrey","Schlupp","MID","CRY",5400000,86
"Semedo_NAMELESS_DEF","NAMELESS","Semedo","DEF","WOL",4800000,94
"Shelvey_Jonjo_MID","Jonjo","Shelvey","MID","NEW",5300000,63
"Sissoko_Moussa_MID","Moussa","Sissoko","MID","WAT",4300000,85
"Smith Rowe_Emile_MID","Emile","Smith Rowe","MID","ARS",5700000,125
"Son_Heung-Min_MID","Heung-Min","Son","MID","TOT",11200000,258
"Soucek_Tomas_MID","Tomas","Soucek","MID","WHU",5700000,114
"Soyuncu_Caglar_DEF","Caglar","Soyuncu","DEF","LEI",4900000,66
"Sterling_Raheem_MID","Raheem","Sterling","MID","MCI",10500000,163
"Struijk_Pascal_DEF","Pascal","Struijk","DEF","LEE",4300000,35
"Targett_Matt_DEF","Matt","Targett","DEF","NEW",4700000,101
"Tarkowski_James_DEF","James","Tarkowski","DEF","BUR",4900000,83
"Taylor_Charlie_DEF","Charlie","Taylor","DEF","BUR",4400000,78
"Thiago Silva_NAMELESS_DEF","NAMELESS","Thiago Silva","DEF","CHE",5600000,130
"Thomas_Luke_DEF","Luke","Thomas","DEF","LEI",4300000,50
"Tielemans_Youri_MID","Youri","Tielemans","MID","LEI",6400000,120
"Tierney_Kieran_DEF","Kieran","Tierney","DEF","ARS",4900000,106
"Tomiyasu_Takehiro_DEF","Takehiro","Tomiyasu","DEF","ARS",4500000,75
"Toney_Ivan_FWD","Ivan","Toney","FWD","BRE",6900000,139
"Trossard_Leandro_MID","Leandro","Trossard","MID","BHA",5900000,141
"van Dijk_Virgil_DEF","Virgil","van Dijk","DEF","LIV",6800000,183
"Varane_Raphael_DEF","Raphael","Varane","DEF","MUN",5500000,75
"Vardy_Jamie_FWD","Jamie","Vardy","FWD","LEI",10300000,133
"Veltman_Joel_DEF","Joel","Veltman","DEF","BHA",4200000,95
"Walker_Kyle_DEF","Kyle","Walker","DEF","MCI",5400000,85
"Walker-Peters_Kyle_DEF","Kyle","Walker-Peters","DEF","SOU",4800000,82
"Wan-Bissaka_Aaron_DEF","Aaron","Wan-Bissaka","DEF","MUN",5100000,41
"Ward_Joel_DEF","Joel","Ward","DEF","CRY",4500000,73
"Ward-Prowse_James_MID","James","Ward-Prowse","MID","SOU",6400000,159
"Watkins_Ollie_FWD","Ollie","Watkins","FWD","AVL",7500000,131
"Westwood_Ashley_MID","Ashley","Westwood","MID","BUR",5200000,63
"White_Ben_DEF","Ben","White","DEF","ARS",4600000,107
"Williams_Brandon_DEF","Brandon","Williams","DEF","NOR",3900000,36
"Willock_Joseph_MID","Joseph","Willock","MID","NEW",5300000,79
"Wood_Chris_FWD","Chris","Wood","FWD","NEW",6300000,91
"Xhaka_Granit_MID","Granit","Xhaka","MID","ARS",4800000,60
"Zaha_Wilfried_MID","Wilfried","Zaha","MID","CRY",6900000,150
"Zouma_Kurt_DEF","Kurt","Zouma","DEF","WHU",5400000,66
